<?xml version="1.0" encoding="UTF-8"?>
<project version="4">
  <component name="CheckStyle-IDEA">
    <option name="configuration">
      <map>
        <entry key="active-configuration" value="PROJECT_RELATIVE:$PROJECT_DIR$/config/checkstyle.xml:CS 125 Checkstyle Configuration" />
        <entry key="checkstyle-version" value="8.12" />
        <entry key="copy-libs" value="false" />
        <entry key="location-0" value="BUNDLED:(bundled):Sun Checks" />
        <entry key="location-1" value="BUNDLED:(bundled):Google Checks" />
        <entry key="location-2" value="PROJECT_RELATIVE:$PROJECT_DIR$/config/checkstyle.xml:CS 125 Checkstyle Configuration" />
        <entry key="scan-before-checkin" value="false" />
        <entry key="scanscope" value="JavaOnly" />
        <entry key="suppress-errors" value="false" />
      </map>
    </option>
  </component>
</project>